"FullName","Length","LastWriteTime"
"C:\Users\kyle\Downloads\SchaferFamilyCookbook\coverage\favicon.png","445","2/10/2026 11:08:21 PM"
"C:\Users\kyle\Downloads\SchaferFamilyCookbook\coverage\sort-arrow-sprite.png","138","2/10/2026 11:08:21 PM"
"C:\Users\kyle\Downloads\SchaferFamilyCookbook\dist\recipe-images\imported_0mcur1qkv.jpg","280393","2/14/2026 9:25:56 AM"
"C:\Users\kyle\Downloads\SchaferFamilyCookbook\dist\recipe-images\imported_0nxpd2143.jpg","280393","2/14/2026 9:25:03 AM"
"C:\Users\kyle\Downloads\SchaferFamilyCookbook\dist\recipe-images\imported_13bpozmcw.jpg","280393","2/14/2026 9:25:10 AM"
"C:\Users\kyle\Downloads\SchaferFamilyCookbook\dist\recipe-images\imported_1j7fp2qer.jpg","280393","2/14/2026 9:26:16 AM"
"C:\Users\kyle\Downloads\SchaferFamilyCookbook\dist\recipe-images\imported_1kh0ch5oi.jpg","280393","2/14/2026 9:26:04 AM"
"C:\Users\kyle\Downloads\SchaferFamilyCookbook\dist\recipe-images\imported_1nk7cfmgb.jpg","280393","2/14/2026 9:25:33 AM"
"C:\Users\kyle\Downloads\SchaferFamilyCookbook\dist\recipe-images\imported_2d7dp02gp.jpg","280393","2/14/2026 9:26:18 AM"
"C:\Users\kyle\Downloads\SchaferFamilyCookbook\dist\recipe-images\imported_3bdtp5u52.jpg","280393","2/14/2026 9:25:26 AM"
"C:\Users\kyle\Downloads\SchaferFamilyCookbook\dist\recipe-images\imported_3hbv3ty65.jpg","280393","2/14/2026 9:26:23 AM"
"C:\Users\kyle\Downloads\SchaferFamilyCookbook\dist\recipe-images\imported_44rbjwprn.jpg","101805","2/9/2026 8:59:44 AM"
"C:\Users\kyle\Downloads\SchaferFamilyCookbook\dist\recipe-images\imported_4slz4z04v.jpg","280393","2/13/2026 8:01:02 PM"
"C:\Users\kyle\Downloads\SchaferFamilyCookbook\dist\recipe-images\imported_5b5vgtri2.jpg","280393","2/14/2026 9:26:09 AM"
"C:\Users\kyle\Downloads\SchaferFamilyCookbook\dist\recipe-images\imported_5eyhaertl.jpg","280393","2/14/2026 9:25:40 AM"
"C:\Users\kyle\Downloads\SchaferFamilyCookbook\dist\recipe-images\imported_788n0dd8q.jpg","280393","2/14/2026 9:25:22 AM"
"C:\Users\kyle\Downloads\SchaferFamilyCookbook\dist\recipe-images\imported_7qb6v5fxp.jpg","303276","2/13/2026 8:00:57 PM"
"C:\Users\kyle\Downloads\SchaferFamilyCookbook\dist\recipe-images\imported_80yvovmtc.jpg","280393","2/14/2026 9:25:38 AM"
"C:\Users\kyle\Downloads\SchaferFamilyCookbook\dist\recipe-images\imported_9dbqzcye6.jpg","280393","2/14/2026 9:26:22 AM"
"C:\Users\kyle\Downloads\SchaferFamilyCookbook\dist\recipe-images\imported_9gzwch1bu.jpg","280393","2/14/2026 9:25:12 AM"
"C:\Users\kyle\Downloads\SchaferFamilyCookbook\dist\recipe-images\imported_9mrpvyxve.jpg","4288405","2/9/2026 8:59:09 AM"
"C:\Users\kyle\Downloads\SchaferFamilyCookbook\dist\recipe-images\imported_9x35oi9hu.jpg","280393","2/14/2026 9:25:47 AM"
"C:\Users\kyle\Downloads\SchaferFamilyCookbook\dist\recipe-images\imported_aetj3c8i4.jpg","280393","2/14/2026 9:25:07 AM"
"C:\Users\kyle\Downloads\SchaferFamilyCookbook\dist\recipe-images\imported_b6556sczy.jpg","280393","2/14/2026 9:24:53 AM"
"C:\Users\kyle\Downloads\SchaferFamilyCookbook\dist\recipe-images\imported_bnvkm5m60.jpg","280393","2/14/2026 9:26:15 AM"
"C:\Users\kyle\Downloads\SchaferFamilyCookbook\dist\recipe-images\imported_d6ekmz18n.jpg","280393","2/14/2026 9:26:00 AM"
"C:\Users\kyle\Downloads\SchaferFamilyCookbook\dist\recipe-images\imported_dlh6hrxog.jpg","280393","2/14/2026 9:24:56 AM"
"C:\Users\kyle\Downloads\SchaferFamilyCookbook\dist\recipe-images\imported_ex5v1b80j.jpg","280393","2/14/2026 9:25:51 AM"
"C:\Users\kyle\Downloads\SchaferFamilyCookbook\dist\recipe-images\imported_fanddc2hz.jpg","280393","2/14/2026 9:25:49 AM"
"C:\Users\kyle\Downloads\SchaferFamilyCookbook\dist\recipe-images\imported_fvh4kukik.jpg","280393","2/14/2026 9:25:45 AM"
"C:\Users\kyle\Downloads\SchaferFamilyCookbook\dist\recipe-images\imported_gaixyv43w.jpg","280393","2/14/2026 9:24:55 AM"
"C:\Users\kyle\Downloads\SchaferFamilyCookbook\dist\recipe-images\imported_ho3a33utq.jpg","71714","2/13/2026 8:00:52 PM"
"C:\Users\kyle\Downloads\SchaferFamilyCookbook\dist\recipe-images\imported_iugydwckp.jpg","146680","2/13/2026 8:01:06 PM"
"C:\Users\kyle\Downloads\SchaferFamilyCookbook\dist\recipe-images\imported_jn0bcdacl.jpg","280393","2/14/2026 9:26:06 AM"
"C:\Users\kyle\Downloads\SchaferFamilyCookbook\dist\recipe-images\imported_jzsztkv2e.jpg","280393","2/14/2026 9:25:36 AM"
"C:\Users\kyle\Downloads\SchaferFamilyCookbook\dist\recipe-images\imported_kcjmqafk0.jpg","280393","2/14/2026 9:25:54 AM"
"C:\Users\kyle\Downloads\SchaferFamilyCookbook\dist\recipe-images\imported_l9s6nygz9.jpg","83646","2/9/2026 9:00:42 AM"
"C:\Users\kyle\Downloads\SchaferFamilyCookbook\dist\recipe-images\imported_maiaxlbid.jpg","280393","2/14/2026 9:25:18 AM"
"C:\Users\kyle\Downloads\SchaferFamilyCookbook\dist\recipe-images\imported_mgw3rbzdm.jpg","280393","2/14/2026 9:26:08 AM"
"C:\Users\kyle\Downloads\SchaferFamilyCookbook\dist\recipe-images\imported_msmgc8otf.jpg","280393","2/14/2026 9:25:29 AM"
"C:\Users\kyle\Downloads\SchaferFamilyCookbook\dist\recipe-images\imported_nav0bu55t.jpg","280393","2/14/2026 9:25:44 AM"
"C:\Users\kyle\Downloads\SchaferFamilyCookbook\dist\recipe-images\imported_njhf02mq3.jpg","126568","2/13/2026 8:01:22 PM"
"C:\Users\kyle\Downloads\SchaferFamilyCookbook\dist\recipe-images\imported_noqmxdbc6.jpg","280393","2/14/2026 9:26:02 AM"
"C:\Users\kyle\Downloads\SchaferFamilyCookbook\dist\recipe-images\imported_pmz0ynr43.jpg","280393","2/14/2026 9:25:58 AM"
"C:\Users\kyle\Downloads\SchaferFamilyCookbook\dist\recipe-images\imported_pz75f2q2s.jpg","280393","2/13/2026 8:00:54 PM"
"C:\Users\kyle\Downloads\SchaferFamilyCookbook\dist\recipe-images\imported_q3o4guzox.jpg","280393","2/14/2026 9:25:20 AM"
"C:\Users\kyle\Downloads\SchaferFamilyCookbook\dist\recipe-images\imported_qe4nbty23.jpg","280393","2/14/2026 9:25:27 AM"
"C:\Users\kyle\Downloads\SchaferFamilyCookbook\dist\recipe-images\imported_qpjmgxus6.jpg","280393","2/14/2026 9:25:31 AM"
"C:\Users\kyle\Downloads\SchaferFamilyCookbook\dist\recipe-images\imported_rpntrht1k.jpg","280393","2/14/2026 9:25:08 AM"
"C:\Users\kyle\Downloads\SchaferFamilyCookbook\dist\recipe-images\imported_sik7fkyfq.jpg","280393","2/14/2026 9:24:58 AM"
"C:\Users\kyle\Downloads\SchaferFamilyCookbook\dist\recipe-images\imported_sjuhqbajz.jpg","280393","2/14/2026 9:25:35 AM"
"C:\Users\kyle\Downloads\SchaferFamilyCookbook\dist\recipe-images\imported_stcksd157.jpg","83293","2/12/2026 10:22:47 PM"
"C:\Users\kyle\Downloads\SchaferFamilyCookbook\dist\recipe-images\imported_t2xej7ch8.jpg","73405","2/9/2026 9:00:04 AM"
"C:\Users\kyle\Downloads\SchaferFamilyCookbook\dist\recipe-images\imported_t5bq01efg.jpg","105993","2/9/2026 8:59:51 AM"
"C:\Users\kyle\Downloads\SchaferFamilyCookbook\dist\recipe-images\imported_t7lg7bt47.jpg","212908","2/13/2026 8:01:15 PM"
"C:\Users\kyle\Downloads\SchaferFamilyCookbook\dist\recipe-images\imported_tf2o71r6q.jpg","280393","2/14/2026 9:25:14 AM"
"C:\Users\kyle\Downloads\SchaferFamilyCookbook\dist\recipe-images\imported_tftq8yspp.jpg","280393","2/14/2026 9:25:24 AM"
"C:\Users\kyle\Downloads\SchaferFamilyCookbook\dist\recipe-images\imported_tgg8b7nov.jpg","280393","2/14/2026 9:26:20 AM"
"C:\Users\kyle\Downloads\SchaferFamilyCookbook\dist\recipe-images\imported_ttkex3vro.jpg","280393","2/14/2026 9:25:05 AM"
"C:\Users\kyle\Downloads\SchaferFamilyCookbook\dist\recipe-images\imported_ubwdbbmk2.jpg","280393","2/14/2026 9:25:16 AM"
"C:\Users\kyle\Downloads\SchaferFamilyCookbook\dist\recipe-images\imported_udyr28qep.jpg","86627","2/13/2026 7:56:55 PM"
"C:\Users\kyle\Downloads\SchaferFamilyCookbook\dist\recipe-images\imported_v07sk5kie.jpg","75125","2/13/2026 8:01:08 PM"
"C:\Users\kyle\Downloads\SchaferFamilyCookbook\dist\recipe-images\imported_vu1kdsf7o.jpg","280393","2/14/2026 9:25:53 AM"
"C:\Users\kyle\Downloads\SchaferFamilyCookbook\dist\recipe-images\imported_x25u31umf.jpg","99483","2/13/2026 8:01:12 PM"
"C:\Users\kyle\Downloads\SchaferFamilyCookbook\dist\recipe-images\imported_xe6walb21.jpg","280393","2/14/2026 9:25:00 AM"
"C:\Users\kyle\Downloads\SchaferFamilyCookbook\dist\recipe-images\imported_xwzy8dq2i.jpg","54853","2/13/2026 8:01:19 PM"
"C:\Users\kyle\Downloads\SchaferFamilyCookbook\dist\recipe-images\imported_y2ankg7up.jpg","280393","2/14/2026 9:26:11 AM"
"C:\Users\kyle\Downloads\SchaferFamilyCookbook\dist\recipe-images\imported_yxhg4z6fr.jpg","280393","2/14/2026 9:26:13 AM"
"C:\Users\kyle\Downloads\SchaferFamilyCookbook\dist\recipe-images\imported_z75dgzcff.jpg","280393","2/14/2026 9:25:42 AM"
"C:\Users\kyle\Downloads\SchaferFamilyCookbook\node_modules\@vitest\ui\dist\client\bg.png","190939","1/25/2026 11:57:19 AM"
"C:\Users\kyle\Downloads\SchaferFamilyCookbook\node_modules\@vitest\ui\dist\client\favicon.svg","2381","1/25/2026 11:57:19 AM"
"C:\Users\kyle\Downloads\SchaferFamilyCookbook\node_modules\istanbul-reports\lib\html\assets\favicon.png","445","2/10/2026 11:07:55 PM"
"C:\Users\kyle\Downloads\SchaferFamilyCookbook\node_modules\istanbul-reports\lib\html\assets\sort-arrow-sprite.png","138","2/10/2026 11:07:55 PM"
"C:\Users\kyle\Downloads\SchaferFamilyCookbook\node_modules\istanbul-reports\lib\html-spa\assets\sort-arrow-sprite.png","138","2/10/2026 11:07:55 PM"
"C:\Users\kyle\Downloads\SchaferFamilyCookbook\node_modules\playwright-core\lib\server\chromium\appIcon.png","16565","2/21/2026 8:18:14 PM"
"C:\Users\kyle\Downloads\SchaferFamilyCookbook\node_modules\playwright-core\lib\vite\recorder\playwright-logo.svg","5033","2/21/2026 8:18:14 PM"
"C:\Users\kyle\Downloads\SchaferFamilyCookbook\node_modules\playwright-core\lib\vite\traceViewer\playwright-logo.svg","5033","2/21/2026 8:18:14 PM"
"C:\Users\kyle\Downloads\SchaferFamilyCookbook\node_modules\undici\docs\assets\lifecycle-diagram.png","47090","1/25/2026 10:46:12 AM"
"C:\Users\kyle\Downloads\SchaferFamilyCookbook\playwright-report\data\09185f610d200aa69c0840a8cc6e5c4e62b37037.png","45650","2/21/2026 8:37:49 PM"
"C:\Users\kyle\Downloads\SchaferFamilyCookbook\playwright-report\data\22934392d5a40763a54d4e74a7c47792716f60eb.png","4257","2/21/2026 8:37:49 PM"
"C:\Users\kyle\Downloads\SchaferFamilyCookbook\playwright-report\data\2afb469b8edf20fc29b35f0ec555175ba4891fd7.png","694220","2/21/2026 8:37:49 PM"
"C:\Users\kyle\Downloads\SchaferFamilyCookbook\playwright-report\data\415c5b7077c9d128917e7b78245eed12f791865e.png","43333","2/21/2026 8:37:49 PM"
"C:\Users\kyle\Downloads\SchaferFamilyCookbook\playwright-report\data\55cacac78d39c001c53473deab03082ded27984f.png","39746","2/21/2026 8:37:49 PM"
"C:\Users\kyle\Downloads\SchaferFamilyCookbook\playwright-report\data\8121779ff16691ad520b57ea1cf4a9d4b20728f9.png","42518","2/21/2026 8:37:49 PM"
"C:\Users\kyle\Downloads\SchaferFamilyCookbook\playwright-report\data\8c10785c2f60f997a16b0700ae33f02c53984c69.png","87119","2/21/2026 8:37:49 PM"
"C:\Users\kyle\Downloads\SchaferFamilyCookbook\playwright-report\data\94cb1d523cc54065ae89b0d222f2417be8e1eb7e.png","43203","2/21/2026 8:37:49 PM"
"C:\Users\kyle\Downloads\SchaferFamilyCookbook\playwright-report\data\c98b19d91dd4448bfa967bb9ea0cc394bd8c649a.png","110687","2/21/2026 8:37:49 PM"
"C:\Users\kyle\Downloads\SchaferFamilyCookbook\playwright-report\data\ca0c616b75773fde74c7926fce20ae81ff9d630c.png","50951","2/21/2026 8:37:49 PM"
"C:\Users\kyle\Downloads\SchaferFamilyCookbook\playwright-report\data\d03b9535739be7fc5b774ad2a6e9d3b94548579e.png","57669","2/21/2026 8:37:49 PM"
"C:\Users\kyle\Downloads\SchaferFamilyCookbook\playwright-report\data\de7611d91d62e34ba451185e226b41b781713977.png","666547","2/21/2026 8:37:49 PM"
"C:\Users\kyle\Downloads\SchaferFamilyCookbook\public\recipe-images\imported_0mcur1qkv.jpg","280393","2/14/2026 9:25:56 AM"
"C:\Users\kyle\Downloads\SchaferFamilyCookbook\public\recipe-images\imported_0nxpd2143.jpg","280393","2/14/2026 9:25:03 AM"
"C:\Users\kyle\Downloads\SchaferFamilyCookbook\public\recipe-images\imported_13bpozmcw.jpg","280393","2/14/2026 9:25:10 AM"
"C:\Users\kyle\Downloads\SchaferFamilyCookbook\public\recipe-images\imported_1j7fp2qer.jpg","280393","2/14/2026 9:26:16 AM"
"C:\Users\kyle\Downloads\SchaferFamilyCookbook\public\recipe-images\imported_1kh0ch5oi.jpg","280393","2/14/2026 9:26:04 AM"
"C:\Users\kyle\Downloads\SchaferFamilyCookbook\public\recipe-images\imported_1nk7cfmgb.jpg","280393","2/14/2026 9:25:33 AM"
"C:\Users\kyle\Downloads\SchaferFamilyCookbook\public\recipe-images\imported_2d7dp02gp.jpg","280393","2/14/2026 9:26:18 AM"
"C:\Users\kyle\Downloads\SchaferFamilyCookbook\public\recipe-images\imported_3bdtp5u52.jpg","280393","2/14/2026 9:25:26 AM"
"C:\Users\kyle\Downloads\SchaferFamilyCookbook\public\recipe-images\imported_3hbv3ty65.jpg","280393","2/14/2026 9:26:23 AM"
"C:\Users\kyle\Downloads\SchaferFamilyCookbook\public\recipe-images\imported_44rbjwprn.jpg","101805","2/9/2026 8:59:44 AM"
"C:\Users\kyle\Downloads\SchaferFamilyCookbook\public\recipe-images\imported_4slz4z04v.jpg","280393","2/13/2026 8:01:02 PM"
"C:\Users\kyle\Downloads\SchaferFamilyCookbook\public\recipe-images\imported_5b5vgtri2.jpg","280393","2/14/2026 9:26:09 AM"
"C:\Users\kyle\Downloads\SchaferFamilyCookbook\public\recipe-images\imported_5eyhaertl.jpg","280393","2/14/2026 9:25:40 AM"
"C:\Users\kyle\Downloads\SchaferFamilyCookbook\public\recipe-images\imported_788n0dd8q.jpg","280393","2/14/2026 9:25:22 AM"
"C:\Users\kyle\Downloads\SchaferFamilyCookbook\public\recipe-images\imported_7qb6v5fxp.jpg","303276","2/13/2026 8:00:57 PM"
"C:\Users\kyle\Downloads\SchaferFamilyCookbook\public\recipe-images\imported_80yvovmtc.jpg","280393","2/14/2026 9:25:38 AM"
"C:\Users\kyle\Downloads\SchaferFamilyCookbook\public\recipe-images\imported_9dbqzcye6.jpg","280393","2/14/2026 9:26:22 AM"
"C:\Users\kyle\Downloads\SchaferFamilyCookbook\public\recipe-images\imported_9gzwch1bu.jpg","280393","2/14/2026 9:25:12 AM"
"C:\Users\kyle\Downloads\SchaferFamilyCookbook\public\recipe-images\imported_9mrpvyxve.jpg","4288405","2/9/2026 8:59:09 AM"
"C:\Users\kyle\Downloads\SchaferFamilyCookbook\public\recipe-images\imported_9x35oi9hu.jpg","280393","2/14/2026 9:25:47 AM"
"C:\Users\kyle\Downloads\SchaferFamilyCookbook\public\recipe-images\imported_aetj3c8i4.jpg","280393","2/14/2026 9:25:07 AM"
"C:\Users\kyle\Downloads\SchaferFamilyCookbook\public\recipe-images\imported_b6556sczy.jpg","280393","2/14/2026 9:24:53 AM"
"C:\Users\kyle\Downloads\SchaferFamilyCookbook\public\recipe-images\imported_bnvkm5m60.jpg","280393","2/14/2026 9:26:15 AM"
"C:\Users\kyle\Downloads\SchaferFamilyCookbook\public\recipe-images\imported_d6ekmz18n.jpg","280393","2/14/2026 9:26:00 AM"
"C:\Users\kyle\Downloads\SchaferFamilyCookbook\public\recipe-images\imported_dlh6hrxog.jpg","280393","2/14/2026 9:24:56 AM"
"C:\Users\kyle\Downloads\SchaferFamilyCookbook\public\recipe-images\imported_ex5v1b80j.jpg","280393","2/14/2026 9:25:51 AM"
"C:\Users\kyle\Downloads\SchaferFamilyCookbook\public\recipe-images\imported_fanddc2hz.jpg","280393","2/14/2026 9:25:49 AM"
"C:\Users\kyle\Downloads\SchaferFamilyCookbook\public\recipe-images\imported_fvh4kukik.jpg","280393","2/14/2026 9:25:45 AM"
"C:\Users\kyle\Downloads\SchaferFamilyCookbook\public\recipe-images\imported_gaixyv43w.jpg","280393","2/14/2026 9:24:55 AM"
"C:\Users\kyle\Downloads\SchaferFamilyCookbook\public\recipe-images\imported_ho3a33utq.jpg","71714","2/13/2026 8:00:52 PM"
"C:\Users\kyle\Downloads\SchaferFamilyCookbook\public\recipe-images\imported_iugydwckp.jpg","146680","2/13/2026 8:01:06 PM"
"C:\Users\kyle\Downloads\SchaferFamilyCookbook\public\recipe-images\imported_jn0bcdacl.jpg","280393","2/14/2026 9:26:06 AM"
"C:\Users\kyle\Downloads\SchaferFamilyCookbook\public\recipe-images\imported_jzsztkv2e.jpg","280393","2/14/2026 9:25:36 AM"
"C:\Users\kyle\Downloads\SchaferFamilyCookbook\public\recipe-images\imported_kcjmqafk0.jpg","280393","2/14/2026 9:25:54 AM"
"C:\Users\kyle\Downloads\SchaferFamilyCookbook\public\recipe-images\imported_l9s6nygz9.jpg","83646","2/9/2026 9:00:42 AM"
"C:\Users\kyle\Downloads\SchaferFamilyCookbook\public\recipe-images\imported_maiaxlbid.jpg","280393","2/14/2026 9:25:18 AM"
"C:\Users\kyle\Downloads\SchaferFamilyCookbook\public\recipe-images\imported_mgw3rbzdm.jpg","280393","2/14/2026 9:26:08 AM"
"C:\Users\kyle\Downloads\SchaferFamilyCookbook\public\recipe-images\imported_msmgc8otf.jpg","280393","2/14/2026 9:25:29 AM"
"C:\Users\kyle\Downloads\SchaferFamilyCookbook\public\recipe-images\imported_nav0bu55t.jpg","280393","2/14/2026 9:25:44 AM"
"C:\Users\kyle\Downloads\SchaferFamilyCookbook\public\recipe-images\imported_njhf02mq3.jpg","126568","2/13/2026 8:01:22 PM"
"C:\Users\kyle\Downloads\SchaferFamilyCookbook\public\recipe-images\imported_noqmxdbc6.jpg","280393","2/14/2026 9:26:02 AM"
"C:\Users\kyle\Downloads\SchaferFamilyCookbook\public\recipe-images\imported_pmz0ynr43.jpg","280393","2/14/2026 9:25:58 AM"
"C:\Users\kyle\Downloads\SchaferFamilyCookbook\public\recipe-images\imported_pz75f2q2s.jpg","280393","2/13/2026 8:00:54 PM"
"C:\Users\kyle\Downloads\SchaferFamilyCookbook\public\recipe-images\imported_q3o4guzox.jpg","280393","2/14/2026 9:25:20 AM"
"C:\Users\kyle\Downloads\SchaferFamilyCookbook\public\recipe-images\imported_qe4nbty23.jpg","280393","2/14/2026 9:25:27 AM"
"C:\Users\kyle\Downloads\SchaferFamilyCookbook\public\recipe-images\imported_qpjmgxus6.jpg","280393","2/14/2026 9:25:31 AM"
"C:\Users\kyle\Downloads\SchaferFamilyCookbook\public\recipe-images\imported_rpntrht1k.jpg","280393","2/14/2026 9:25:08 AM"
"C:\Users\kyle\Downloads\SchaferFamilyCookbook\public\recipe-images\imported_sik7fkyfq.jpg","280393","2/14/2026 9:24:58 AM"
"C:\Users\kyle\Downloads\SchaferFamilyCookbook\public\recipe-images\imported_sjuhqbajz.jpg","280393","2/14/2026 9:25:35 AM"
"C:\Users\kyle\Downloads\SchaferFamilyCookbook\public\recipe-images\imported_stcksd157.jpg","83293","2/12/2026 10:22:47 PM"
"C:\Users\kyle\Downloads\SchaferFamilyCookbook\public\recipe-images\imported_t2xej7ch8.jpg","73405","2/9/2026 9:00:04 AM"
"C:\Users\kyle\Downloads\SchaferFamilyCookbook\public\recipe-images\imported_t5bq01efg.jpg","105993","2/9/2026 8:59:51 AM"
"C:\Users\kyle\Downloads\SchaferFamilyCookbook\public\recipe-images\imported_t7lg7bt47.jpg","212908","2/13/2026 8:01:15 PM"
"C:\Users\kyle\Downloads\SchaferFamilyCookbook\public\recipe-images\imported_tf2o71r6q.jpg","280393","2/14/2026 9:25:14 AM"
"C:\Users\kyle\Downloads\SchaferFamilyCookbook\public\recipe-images\imported_tftq8yspp.jpg","280393","2/14/2026 9:25:24 AM"
"C:\Users\kyle\Downloads\SchaferFamilyCookbook\public\recipe-images\imported_tgg8b7nov.jpg","280393","2/14/2026 9:26:20 AM"
"C:\Users\kyle\Downloads\SchaferFamilyCookbook\public\recipe-images\imported_ttkex3vro.jpg","280393","2/14/2026 9:25:05 AM"
"C:\Users\kyle\Downloads\SchaferFamilyCookbook\public\recipe-images\imported_ubwdbbmk2.jpg","280393","2/14/2026 9:25:16 AM"
"C:\Users\kyle\Downloads\SchaferFamilyCookbook\public\recipe-images\imported_udyr28qep.jpg","86627","2/13/2026 7:56:55 PM"
"C:\Users\kyle\Downloads\SchaferFamilyCookbook\public\recipe-images\imported_v07sk5kie.jpg","75125","2/13/2026 8:01:08 PM"
"C:\Users\kyle\Downloads\SchaferFamilyCookbook\public\recipe-images\imported_vu1kdsf7o.jpg","280393","2/14/2026 9:25:53 AM"
"C:\Users\kyle\Downloads\SchaferFamilyCookbook\public\recipe-images\imported_x25u31umf.jpg","99483","2/13/2026 8:01:12 PM"
"C:\Users\kyle\Downloads\SchaferFamilyCookbook\public\recipe-images\imported_xe6walb21.jpg","280393","2/14/2026 9:25:00 AM"
"C:\Users\kyle\Downloads\SchaferFamilyCookbook\public\recipe-images\imported_xwzy8dq2i.jpg","54853","2/13/2026 8:01:19 PM"
"C:\Users\kyle\Downloads\SchaferFamilyCookbook\public\recipe-images\imported_y2ankg7up.jpg","280393","2/14/2026 9:26:11 AM"
"C:\Users\kyle\Downloads\SchaferFamilyCookbook\public\recipe-images\imported_yxhg4z6fr.jpg","280393","2/14/2026 9:26:13 AM"
"C:\Users\kyle\Downloads\SchaferFamilyCookbook\public\recipe-images\imported_z75dgzcff.jpg","280393","2/14/2026 9:25:42 AM"
"C:\Users\kyle\Downloads\SchaferFamilyCookbook\test-results\admin-Admin-admin-user-admin-can-navigate-to-Records-subtab-chromium\test-failed-1.png","42518","2/21/2026 8:31:38 PM"
"C:\Users\kyle\Downloads\SchaferFamilyCookbook\test-results\admin-Admin-admin-user-admin-can-navigate-to-Trivia-subtab-chromium\test-failed-1.png","39746","2/21/2026 8:31:52 PM"
"C:\Users\kyle\Downloads\SchaferFamilyCookbook\test-results\admin-Admin-admin-user-shows-admin-panel-for-admin-user-chromium\test-failed-1.png","42518","2/21/2026 8:31:37 PM"
"C:\Users\kyle\Downloads\SchaferFamilyCookbook\test-results\gallery-Gallery-closes-lightbox-on-close-button-chromium\test-failed-1.png","57669","2/21/2026 8:32:48 PM"
"C:\Users\kyle\Downloads\SchaferFamilyCookbook\test-results\gallery-Gallery-closes-lightbox-on-Escape-key-chromium\test-failed-1.png","57669","2/21/2026 8:32:57 PM"
"C:\Users\kyle\Downloads\SchaferFamilyCookbook\test-results\gallery-Gallery-displays-gallery-items-when-data-exists-chromium\test-failed-1.png","57669","2/21/2026 8:32:33 PM"
"C:\Users\kyle\Downloads\SchaferFamilyCookbook\test-results\gallery-Gallery-opens-lightbox-when-clicking-image-chromium\test-failed-1.png","57669","2/21/2026 8:32:46 PM"
"C:\Users\kyle\Downloads\SchaferFamilyCookbook\test-results\navigation-Tab-navigation-navigates-to-Profile-tab-chromium\test-failed-1.png","87119","2/21/2026 8:32:01 PM"
"C:\Users\kyle\Downloads\SchaferFamilyCookbook\test-results\navigation-Tab-navigation-shows-all-main-nav-tabs-chromium\test-failed-1.png","110687","2/21/2026 8:31:45 PM"
"C:\Users\kyle\Downloads\SchaferFamilyCookbook\test-results\profile-Profile-avatar-picker-button-is-present-chromium\test-failed-1.png","110687","2/21/2026 8:32:39 PM"
"C:\Users\kyle\Downloads\SchaferFamilyCookbook\test-results\profile-Profile-can-edit-display-name-chromium\test-failed-1.png","110687","2/21/2026 8:32:34 PM"
"C:\Users\kyle\Downloads\SchaferFamilyCookbook\test-results\profile-Profile-displays-profile-with-identity-and-role-chromium\test-failed-1.png","110687","2/21/2026 8:32:08 PM"
"C:\Users\kyle\Downloads\SchaferFamilyCookbook\test-results\profile-Profile-shows-current-user-name-in-display-chromium\test-failed-1.png","110687","2/21/2026 8:32:26 PM"
"C:\Users\kyle\Downloads\SchaferFamilyCookbook\test-results\profile-Profile-shows-user-recipes-section-chromium\test-failed-1.png","110687","2/21/2026 8:32:43 PM"
"C:\Users\kyle\Downloads\SchaferFamilyCookbook\test-results\recipe-modal-Recipe-modal--c1fab-opens-recipe-modal-directly-chromium\test-failed-1.png","666547","2/21/2026 8:36:17 PM"
"C:\Users\kyle\Downloads\SchaferFamilyCookbook\test-results\recipe-modal-Recipe-modal-shows-recipe-details-chromium\test-failed-1.png","694220","2/21/2026 8:32:54 PM"
"C:\Users\kyle\Downloads\SchaferFamilyCookbook\test-results\recipes-Recipes-tab-category-filter-works-chromium\test-failed-1.png","4257","2/21/2026 8:37:00 PM"
"C:\Users\kyle\Downloads\SchaferFamilyCookbook\test-results\recipes-Recipes-tab-contributor-filter-exists-chromium\test-failed-1.png","110687","2/21/2026 8:37:02 PM"
"C:\Users\kyle\Downloads\SchaferFamilyCookbook\test-results\recipes-Recipes-tab-search-filter-narrows-recipes-chromium\test-failed-1.png","4257","2/21/2026 8:37:00 PM"
"C:\Users\kyle\Downloads\SchaferFamilyCookbook\test-results\trivia-Trivia-keyboard-1-4-selects-option-chromium\test-failed-1.png","45650","2/21/2026 8:37:46 PM"
"C:\Users\kyle\Downloads\SchaferFamilyCookbook\test-results\trivia-Trivia-selects-answer-and-advances-to-next-question-chromium\test-failed-1.png","43333","2/21/2026 8:37:35 PM"
"C:\Users\kyle\Downloads\SchaferFamilyCookbook\test-results\trivia-Trivia-shows-results-at-end-of-quiz-chromium\test-failed-1.png","43203","2/21/2026 8:37:41 PM"
"C:\Users\kyle\Downloads\SchaferFamilyCookbook\test-results\trivia-Trivia-shows-start--616d9-ins-quiz-when-trivia-exists-chromium\test-failed-1.png","43203","2/21/2026 8:37:35 PM"
"C:\Users\kyle\Downloads\SchaferFamilyCookbook\test-results\trivia-Trivia-shows-trivia-view-start-screen-or-empty-state--chromium\test-failed-1.png","50951","2/21/2026 8:37:28 PM"
